meeting_start,meeting_end
2025-01-28,2025-01-29
2025-03-18,2025-03-19
2025-05-06,2025-05-07
2025-06-17,2025-06-18
2025-07-29,2025-07-30
2025-09-16,2025-09-17
2025-10-28,2025-10-29
2025-12-09,2025-12-10
2026-01-27,2026-01-28
2026-03-17,2026-03-18
2026-04-28,2026-04-29
2026-06-16,2026-06-17
2026-07-28,2026-07-29
2026-09-15,2026-09-16
2026-10-27,2026-10-28
2026-12-08,2026-12-09
2027-01-26,2027-01-27
2027-03-16,2027-03-17
2027-04-27,2027-04-28
2027-06-08,2027-06-09
2027-07-27,2027-07-28
2027-09-14,2027-09-15
2027-10-26,2027-10-27
2027-12-07,2027-12-08
2028-01-25,2028-01-26
